price,title,province,location,lat,lng,characteristics,agency,updated,numeric_data
348.000 €,Casa adosada en venta en Angoustrina,Angoustrine-Villeneuve-des-Escaldes,42.4816,1.95615,['Superficie construida : 108 m²', 'Superficie solar : 30 m²', 'Habitaciones : 3', 'Baños : 2', 'Tipo de casa : Adosada', 'Antigüedad : Menos de 5 años', 'Conservación : A estrenar', 'Referencia : 500561-001304', 'Armarios empotrados : Más de 2', 'Carpintería exterior : Madera', 'Tipo suelo : Parquet', 'Calefacción : Eléctrica', 'Chimenea', 'Cocina', 'Comedor', 'Lavadero', 'Garaje : 1', 'Terraza', 'Jardín : Propio', 'Urbanizado', 'Calle alumbrada', 'Calle asfaltada', 'Clasificación:  Exento', 'Pedir más información'],Inmuebles de VINCLE CERDANYA,1673565060.0,{'timestamp': '1699908374777029', 'soft_url': 'casa_adosada_angoustrine_villeneuve_des_escaldes_centro_urbano_32548545769_500561_'}
700.000 €,Casa en venta en Enveitg,Enveitg,42.4628,1.91173,['Superficie construida : 250 m²', 'Superficie útil : 190 m²', 'Habitaciones : 4', 'Baños : 4', 'Antigüedad : Más de 50 años', 'Conservación : En buen estado', 'Referencia : API244-ENVEITG PA', 'Calefacción', 'Lavadero', 'Trastero', 'Orientación : Sur', 'Clasificación:  Disponible', 'Emisiones:  72 Kg CO2/m2 año  A B C D E F G'],Inmuebles de GRAN VALL - SERVEIS IMMOBILIARIS,1673565060.0,{'timestamp': '169990837746765', 'soft_url': 'casa_enveitg_centro_urbano_35099199626_101300_'}
180.000 €,Piso en venta en Calle Rue de La Coume,Calle Rue de La Coume. Font-Romeu-Odeillo-Via,0,0,['Superficie construida : 55 m²', 'Superficie útil : 50 m²', 'Habitaciones : 2', 'Baños : 2', 'Planta : Entresuelo', 'Exterior', 'Antigüedad : Entre 20 y 30 años', 'Conservación : En buen estado', 'Gastos de comunidad : Entre 80 y 100€', 'Referencia : 4996222-1957', 'Amueblado', 'Armarios empotrados : 2', 'Tipo suelo : Gres', 'Vidrios dobles', 'Carpintería exterior : Madera', 'Calefacción : Gas natural', 'Chimenea', 'Cocina equipada', 'Comedor', 'Lavadero', 'Garaje : 1', 'Puerta blindada', 'Balcón', 'Jardín : Comunitario', 'Soleado', 'Se aceptan mascotas', 'Clasificación:  En trámite', 'Pedir más información'],Inmuebles de INMOBILIARIA INMOSANTBOI,1673478660.0,{'timestamp': '1699908380366279', 'soft_url': 'piso_font_romeu_odeillo_via_centro_urbano_35874018834_996222_'}
395.000 €,Casa adosada en venta en Calle Canigo, nº 5,Calle Canigo, nº 5. Ur,42.4338622055752,1.94411597158579,['Superficie construida : 225 m²', 'Superficie útil : 225 m²', 'Superficie solar : 300 m²', 'Habitaciones : 5', 'Baños : 3', 'Tipo de casa : Adosada', 'Antigüedad : Menos de 5 años', 'Conservación : A estrenar', 'Referencia : 4517227-000360', 'Armarios empotrados : Más de 2', 'Carpintería exterior : Madera', 'Vidrios dobles', 'Tipo suelo : Parquet', 'Aire acondicionado : Frío y calor', 'Calefacción : Eléctrica', 'Chimenea', 'Cocina equipada', 'Comedor', 'Garaje : 2', 'Jardín : Propio', 'Orientación : Sur', 'Clasificación:  Exento', 'Pedir más información'],Inmuebles de FINQUES BELLVER,1673565060.0,{'timestamp': '1699908383459903', 'soft_url': 'casa_adosada_ur_centro_urbano_31701908593_517227_'}
320.000 €,Casa en venta en Palau-de-Cerdagne,Palau-de-Cerdagne,42.4151,1.96739,['Superficie construida : 105 m²', 'Habitaciones : 3', 'Baños : 2', 'Referencia : DA15-CER43996', 'Clasificación:  En trámite', 'Pedir más información'],Inmuebles de LUCAS FOX LA CERDANYA,1673565060.0,{'timestamp': '1699908387040474', 'soft_url': 'casa_palau_de_cerdagne_centro_urbano_38333981895_106200_'}
225.000 €,Casa en venta en Calle Lieu DIT Le Puig, nº 1,Calle Lieu DIT Le Puig, nº 1. Valcebollère,42.3876500985372,2.03481886582333,['Superficie construida : 200 m²', 'Superficie útil : 170 m²', 'Superficie solar : 318 m²', 'Habitaciones : 4', 'Baños : 2', 'Antigüedad : Más de 50 años', 'Conservación : A reformar', 'Referencia : 4518269-0165', 'Carpintería exterior : Madera', 'Tipo suelo : Parquet', 'Terraza', 'Jardín : Propio', 'Orientación : Sureste', 'Urbanizado', 'Clasificación:  Exento', 'Pedir más información'],Inmuebles de CERDANYA DREAMS,1672527960.0,{'timestamp': '1699908389872992', 'soft_url': 'casa_valcebollere_centro_urbano_23410107275_518269_'}
275.000 €,Casa en venta en Calle Lieudit Lepuig, nº 1,Calle Lieudit Lepuig, nº 1. Valcebollère,42.3876500985372,2.03481886582333,['Superficie construida : 300 m²', 'Superficie útil : 250 m²', 'Superficie solar : 793 m²', 'Habitaciones : 6', 'Baños : 3', 'Antigüedad : Más de 50 años', 'Conservación : A reformar', 'Referencia : 4518269-0166', 'Carpintería exterior : Madera', 'Tipo suelo : Gres', 'Chimenea', 'Garaje : 2', 'Jardín : Propio', 'Orientación : Sureste', 'Urbanizado', 'Clasificación:  Exento', 'Pedir más información'],Inmuebles de CERDANYA DREAMS,1672527960.0,{'timestamp': '1699908392666082', 'soft_url': 'casa_valcebollere_centro_urbano_23390220728_518269_'}
850.000 €,Casa en venta en Saillagouse,Saillagouse,42.459,2.03565,['Superficie construida : 260 m²', 'Superficie útil : 210 m²', 'Habitaciones : 5', 'Baños : 3', 'Antigüedad : Entre 10 y 20 años', 'Conservación : En buen estado', 'Referencia : API244-SALLAGOSA SU', 'Calefacción', 'Lavadero', 'Clasificación:  Disponible', 'Emisiones:  3 Kg CO2/m2 año  A B C D E F G'],Inmuebles de GRAN VALL - SERVEIS IMMOBILIARIS,1672528260.0,{'timestamp': '1699908395183473', 'soft_url': 'casa_saillagouse_centro_urbano_32572801843_101300_'}
630.000 €,Casa en venta en Avenida de Cerdagne, nº 11,Avenida de Cerdagne, nº 11. Osséja,42.4153934598739,1.98084808355343,['Superficie construida : 660 m²', 'Superficie útil : 427 m²', 'Superficie solar : 1.347 m²', 'Habitaciones : 12', 'Baños : 7', 'Antigüedad : Más de 50 años', 'Conservación : A reformar', 'Referencia : 4518269-0175', 'Carpintería exterior : Madera', 'Tipo suelo : Tarima maciza', 'Calefacción : Eléctrica', 'Cocina', 'Comedor', 'Lavadero', 'Garaje : Más de 2', 'Terraza', 'Jardín : Propio', 'Orientación : Suroeste', 'Urbanizado', 'Calle alumbrada', 'Calle asfaltada', 'Clasificación:  Disponible', 'Emisiones:  12 Kg CO2/m2 año  A B C D E F G'],Inmuebles de CERDANYA DREAMS,1675120020.0,{'timestamp': '1699908398372012', 'soft_url': 'casa_osseja_centro_urbano_27541746383_518269_'}
350.000 €,Casa en venta en Saillagouse,Saillagouse,42.4589,2.03906,['Superficie construida : 220 m²', 'Superficie útil : 160 m²', 'Superficie solar : 552 m²', 'Habitaciones : 3', 'Baños : 3', 'Antigüedad : Más de 50 años', 'Conservación : En buen estado', 'Referencia : 4518269-FJ025', 'Amueblado', 'Armarios empotrados : Más de 2', 'Carpintería exterior : Madera', 'Vidrios dobles', 'Tipo suelo : Tarima maciza', 'Calefacción : Eléctrica', 'Chimenea', 'Cocina', 'Comedor', 'Terraza', 'Jardín : Propio', 'Orientación : Sur', 'Urbanizado', 'Calle alumbrada', 'Calle asfaltada', 'Clasificación:  En trámite', 'Pedir más información'],Inmuebles de CERDANYA DREAMS,1672527960.0,{'timestamp': '1699908401251281', 'soft_url': 'casa_saillagouse_centro_urbano_30037783084_518269_'}
205.000 €,Piso en venta en Calle Allée Des Bouilloses, nº 5,Calle Allée Des Bouilloses, nº 5. Saillagouse,42.4642255490615,2.03578904633018,['Superficie construida : 70 m²', 'Superficie útil : 54 m²', 'Habitaciones : 3', 'Baños : 2', 'Planta : 1ª', 'Exterior', 'Antigüedad : Entre 20 y 30 años', 'Conservación : En buen estado', 'Gastos de comunidad : Entre 80 y 100€', 'Referencia : 4518269-P070', 'Armarios empotrados : Más de 2', 'Tipo suelo : Parquet', 'Vidrios dobles', 'Carpintería exterior : Madera', 'Calefacción : Eléctrica', 'Trastero', 'Portero automático', 'Balcón', 'Piscina : Comunitaria', 'Orientación : Sur', 'Soleado', 'Clasificación:  En trámite', 'Pedir más información'],Inmuebles de CERDANYA DREAMS,1673219400.0,{'timestamp': '1699908404083051', 'soft_url': 'piso_saillagouse_centro_urbano_38425735741_518269_'}
265.000 €,Ático en venta en Calle Cal Joanet, nº 6,Calle Cal Joanet, nº 6. Err,42.4409154870726,2.02867438927996,['Superficie construida : 200 m²', 'Superficie útil : 170 m²', 'Habitaciones : 3', 'Baños : 2', 'Planta : 3ª', 'Exterior', 'Antigüedad : Menos de 5 años', 'Conservación : Reformado', 'Referencia : 4518269-0195', 'Tipo suelo : Parquet', 'Vidrios dobles', 'Carpintería exterior : Madera', 'Calefacción : Eléctrica', 'Cocina', 'Comedor', 'Trastero', 'Puerta blindada', 'Jardín : Comunitario', 'Orientación : Suroeste', 'Soleado', 'Clasificación:  En trámite', 'Pedir más información'],Inmuebles de CERDANYA DREAMS,1675033800.0,{'timestamp': '1699908406497006', 'soft_url': 'atico_err_centro_urbano_36735511430_518269_'}
350.000 €,Piso en venta en Avenida Puymotens,Avenida Puymotens. Osséja,42.4201,1.96661,['Superficie construida : 60 m²', 'Superficie útil : 60 m²', 'Habitaciones : 2', 'Baños : 2', 'Planta : 2ª', 'Conservación : Reformado', 'Referencia : 518506-500057', 'Amueblado', 'Armarios empotrados : Más de 2', 'Tipo suelo : Parquet', 'Teléfono', 'Calefacción : Eléctrica', 'Chimenea', 'Cocina', 'Comedor', 'Lavadero', 'Garaje : 1', 'Trastero', 'Balcón', 'Terraza : 20m2', 'Jardín : Comunitario', 'Piscina : Comunitaria', 'Orientación : Sur', 'Clasificación:  Disponible', 'Emisiones:  25 Kg CO2/m2 año  A B C D E F G'],Inmuebles de NG LUXURY PROPERTIES,1673478660.0,{'timestamp': '1699908409248584', 'soft_url': 'piso_osseja_centro_urbano_35900293037_518506_'}
170.000 €,Piso en venta en Osséja,Osséja,42.4142,1.9813,['Superficie construida : 59 m²', 'Superficie útil : 49 m²', 'Habitaciones : 2', 'Baños : 1', 'Conservación : En buen estado', 'Referencia : API244-OSSEJA RO', 'Amueblado', 'Calefacción', 'Orientación : Sur-oeste', 'Clasificación:  Disponible', 'Emisiones:  21 Kg CO2/m2 año  A B C D E F G'],Inmuebles de GRAN VALL - SERVEIS IMMOBILIARIS,1675120200.0,{'timestamp': '1699908411960269', 'soft_url': 'piso_osseja_centro_urbano_30858873617_101300_'}
165.000 €,Casa en venta en Calle Rue Du Puigmal,Calle Rue Du Puigmal. Nahuja,42.4174,1.98948,['Superficie construida : 102 m²', 'Superficie útil : 90 m²', 'Superficie solar : 36 m²', 'Habitaciones : 2', 'Baños : 2', 'Antigüedad : Entre 30 y 50 años', 'Conservación : A reformar', 'Referencia : 511434-NHF-385-X', 'Tipo suelo : Parquet', 'Calefacción : Gasoil', 'Chimenea', 'Cocina', 'Orientación : Suroeste', 'Calle alumbrada', 'Calle asfaltada', 'Clasificación:  En trámite', 'Pedir más información'],Inmuebles de GRUP IMMONEU,1673824200.0,{'timestamp': '169990841421765', 'soft_url': 'casa_nahuja_centro_urbano_35911200774_511434_'}
890.000 €,Casa en venta en Saillagouse,Saillagouse,42.4614,2.03801,['Superficie construida : 325 m²', 'Superficie útil : 325 m²', 'Superficie solar : 2.000 m²', 'Habitaciones : 5', 'Baños : 3', 'Antigüedad : Entre 20 y 30 años', 'Conservación : En buen estado', 'Referencia : 500561-000784', 'Luz', 'Calefacción', 'Chimenea', 'Cocina', 'Comedor', 'Lavadero', 'Garaje', 'Terraza', 'Calle alumbrada', 'Clasificación:  Exento', 'Pedir más información'],Inmuebles de VINCLE CERDANYA,1673305860.0,{'timestamp': '169990841675865', 'soft_url': 'casa_saillagouse_centro_urbano_895196076_500561_'}
699.000 €,Casa en venta en Porta,Porta,0,0,['Superficie construida : 350 m²', 'Habitaciones : 4', 'Baños : 5', 'Referencia : DA15-CER43217', 'Clasificación:  En trámite', 'Pedir más información'],Inmuebles de LUCAS FOX LA CERDANYA,1673565060.0,{'timestamp': '1699908421526847', 'soft_url': 'casa_porta_centro_urbano_38369466782_106200_'}
83.000 €,Piso en venta en Sainte-Léocadie,Sainte-Léocadie,42.4358,2.00384,['Superficie construida : 25 m²', 'Superficie útil : 24 m²', 'Baños : 1', 'Conservación : En buen estado', 'Referencia : API244-SANTA LEOCADIA MA', 'Calefacción', 'Trastero', 'Piscina', 'Orientación : Sur', 'Clasificación:  En trámite', 'Pedir más información'],Inmuebles de GRAN VALL - SERVEIS IMMOBILIARIS,1673392260.0,{'timestamp': '1699908424411484', 'soft_url': 'piso_sainte_leocadie_centro_urbano_30870657585_101300_'}
550.000 €,Chalet en venta en Osséja,Osséja,42.4148,1.98095,['Superficie construida : 225 m²', 'Superficie útil : 172 m²', 'Superficie solar : 1.700 m²', 'Habitaciones : 4', 'Baños : 2', 'Antigüedad : Entre 20 y 30 años', 'Conservación : En buen estado', 'Referencia : 4518269-0177', 'Armarios empotrados : Más de 2', 'Tipo suelo : Parquet', 'Vidrios dobles', 'Carpintería exterior : PVC', 'Calefacción : Eléctrica', 'Garaje : 2', 'Jardín : Propio', 'Orientación : Suroeste', 'Clasificación:  Disponible', 'Emisiones:  15 Kg CO2/m2 año  A B C D E F G'],Inmuebles de CERDANYA DREAMS,1674774540.0,{'timestamp': '1699908428108334', 'soft_url': 'chalet_osseja_centro_urbano_27514215364_518269_'}
375.000 €,Piso en venta en Saillagouse,Saillagouse,42.4623,2.03702,['Superficie construida : 152 m²', 'Superficie útil : 140 m²', 'Habitaciones : 3', 'Baños : 3', 'Conservación : En buen estado', 'Referencia : API244-SALLAGOSA CAM', 'Calefacción', 'Trastero', 'Orientación : Sur', 'Clasificación:  En trámite', 'Pedir más información'],Inmuebles de GRAN VALL - SERVEIS IMMOBILIARIS,1673219460.0,{'timestamp': '1699908430834726', 'soft_url': 'piso_saillagouse_centro_urbano_35865968762_101300_'}
245.000 €,Apartamento en venta en Enveitg,Enveitg,42.4586,1.91604,['Superficie construida : 85 m²', 'Habitaciones : 3', 'Baños : 1', 'Planta : 2ª', 'Exterior', 'Antigüedad : Entre 20 y 30 años', 'Conservación : En buen estado', 'Referencia : 500561-001371', 'Armarios empotrados : Más de 2', 'Tipo suelo : Parquet', 'Carpintería exterior : Madera', 'Calefacción : Eléctrica', 'Chimenea', 'Cocina', 'Comedor', 'Garaje : 1', 'Trastero', 'Jardín : Comunitario', 'Piscina : Comunitaria', 'Soleado', 'Clasificación:  Exento', 'Pedir más información'],Inmuebles de VINCLE CERDANYA,1673305860.0,{'timestamp': '1699908434413472', 'soft_url': 'apartamento_enveitg_centro_urbano_37564838646_500561_'}
680.000 €,Chalet en venta en Palau-De-Cerdagne,Palau-de-Cerdagne,42.4165,1.96548,['Superficie construida : 450 m²', 'Superficie útil : 350 m²', 'Superficie solar : 582 m²', 'Habitaciones : 5', 'Baños : 3', 'Antigüedad : Entre 20 y 30 años', 'Conservación : En buen estado', 'Referencia : 4518269-0192', 'Tipo suelo : Granito', 'Vidrios dobles', 'Carpintería exterior : Aluminio', 'Calefacción : Gasoil', 'Chimenea', 'Cocina', 'Comedor', 'Lavadero', 'Garaje : Más de 2', 'Terraza', 'Jardín : Propio', 'Orientación : Sur', 'Urbanizado', 'Calle alumbrada', 'Calle asfaltada', 'Clasificación:  En trámite', 'Pedir más información'],Inmuebles de CERDANYA DREAMS,1672614480.0,{'timestamp': '1699908436793797', 'soft_url': 'chalet_palau_de_cerdagne_centro_urbano_36745761380_518269_'}
145.000 €,Apartamento en venta en Calle Puig de Estanque,Calle Puig de Estanque. Osséja,42.4147,1.9815,['Superficie construida : 40 m²', 'Superficie útil : 36 m²', 'Habitaciones : 1', 'Baños : 1', 'Planta : Bajo', 'Antigüedad : Entre 5 y 10 años', 'Conservación : Reformado', 'Gastos de comunidad : Entre 20 y 40€', 'Referencia : 511434-OSF-032-X', 'Amueblado', 'Armarios empotrados : 1', 'Tipo suelo : Parquet', 'Vidrios dobles', 'Carpintería exterior : Madera', 'Calefacción : Eléctrica', 'Chimenea', 'Cocina', 'Comedor', 'Garaje : Garaje', 'Puerta blindada', 'Orientación : Suroeste', 'Soleado', 'Clasificación:  Exento', 'Pedir más información'],Inmuebles de GRUP IMMONEU,1673737740.0,{'timestamp': '1699908439515116', 'soft_url': 'apartamento_osseja_centro_urbano_910836126_511434_'}
945.000 €,Piso en venta en Angoustrine-Villeneuve-des-Escaldes,Angoustrine-Villeneuve-des-Escaldes,42.4789,1.95255,['Superficie construida : 620 m²', 'Superficie útil : 540 m²', 'Habitaciones : 19', 'Baños : 14', 'Conservación : En buen estado', 'Referencia : API244-ANGOUSTRINE FUN', 'Calefacción', 'Ascensor', 'Orientación : Sur', 'Clasificación:  En trámite', 'Pedir más información'],Inmuebles de GRAN VALL - SERVEIS IMMOBILIARIS,1673305860.0,{'timestamp': '1699908441906254', 'soft_url': 'piso_angoustrine_villeneuve_des_escaldes_centro_urbano_33373791599_101300_'}
300.000 €,Piso en venta en Palau-de-Cerdagne,Palau-de-Cerdagne,42.4173,1.96196,['Superficie construida : 110 m²', 'Superficie útil : 90 m²', 'Habitaciones : 3', 'Baños : 2', 'Antigüedad : Entre 20 y 30 años', 'Conservación : En buen estado', 'Referencia : API244-PALAU CAN', 'Calefacción', 'Trastero', 'Piscina', 'Orientación : Oeste', 'Clasificación:  En trámite', 'Pedir más información'],Inmuebles de GRAN VALL - SERVEIS IMMOBILIARIS,1673478600.0,{'timestamp': '169990844458502', 'soft_url': 'piso_palau_de_cerdagne_centro_urbano_36698624605_101300_'}
220.000 €,Casa en venta en Rô,Saillagouse,42.4583,2.03411,['Superficie construida : 550 m²', 'Antigüedad : Más de 50 años', 'Conservación : A reformar', 'Referencia : 500561-001213-P', 'Clasificación:  Exento', 'Pedir más información'],Inmuebles de VINCLE CERDANYA,1673305860.0,{'timestamp': '1699908446961968', 'soft_url': 'casa_saillagouse_centro_urbano_36682572219_500561_'}
120.000 €,Piso en venta en Bourg-Madame,Bourg-Madame,42.4334,1.94453,['Superficie construida : 35 m²', 'Superficie útil : 27 m²', 'Habitaciones : 1', 'Baños : 1', 'Conservación : En buen estado', 'Referencia : API244-BOURG MADAME ROS', 'Calefacción', 'Clasificación:  En trámite', 'Pedir más información'],Inmuebles de GRAN VALL - SERVEIS IMMOBILIARIS,1673305860.0,{'timestamp': '1699908449464537', 'soft_url': 'piso_bourg_madame_centro_urbano_35044112406_101300_'}
390.000 €,Casa unifamiliar en venta en Avenida Du Docteur Cunnac,Avenida Du Docteur Cunnac. Osséja,42.4175,1.97631,['Superficie construida : 563 m²', 'Superficie útil : 350 m²', 'Superficie solar : 646 m²', 'Habitaciones : 6', 'Baños : 6', 'Tipo de casa : Unifamiliar', 'Antigüedad : Más de 50 años', 'Conservación : En buen estado', 'Referencia : 511434-ODC-014-X', 'Armarios empotrados : Más de 2', 'Carpintería exterior : Aluminio', 'Vidrios dobles', 'Tipo suelo : Parquet', 'Calefacción : Gasoil', 'Chimenea', 'Cocina : Cerrada', 'Lavadero', 'Garaje : 2', 'Terraza', 'Jardín : Propio', 'Piscina : Propia', 'Orientación : Suroeste', 'Clasificación:  Disponible', 'Emisiones:  59 Kg CO2/m2 año  A B C D E F G'],Inmuebles de GRUP IMMONEU,1674860760.0,{'timestamp': '1699908452149957', 'soft_url': 'casa_unifamiliar_osseja_centro_urbano_35083599446_511434_'}
395.000 €,Casa adosada en venta en Sainte-Léocadie,Sainte-Léocadie,42.4359,2.00392,['Superficie construida : 150 m²', 'Superficie solar : 114 m²', 'Habitaciones : 4', 'Baños : 2', 'Tipo de casa : Adosada', 'Antigüedad : Entre 10 y 20 años', 'Conservación : En buen estado', 'Referencia : 500561-001368', 'Armarios empotrados : Más de 2', 'Carpintería exterior : Madera', 'Tipo suelo : Parquet', 'Calefacción : Eléctrica', 'Chimenea', 'Cocina', 'Comedor', 'Garaje : 1', 'Terraza', 'Jardín : Propio', 'Piscina : Comunitaria', 'Urbanizado', 'Calle alumbrada', 'Calle asfaltada', 'Clasificación:  Exento', 'Pedir más información'],Inmuebles de VINCLE CERDANYA,1673305860.0,{'timestamp': '1699908454864105', 'soft_url': 'casa_adosada_sainte_leocadie_centro_urbano_37506781032_500561_'}
240.000 €,Apartamento en venta en Saillagouse,Saillagouse,42.4565,2.0392,['Superficie construida : 65 m²', 'Habitaciones : 2', 'Baños : 1', 'Planta : 1ª', 'Exterior', 'Antigüedad : Entre 10 y 20 años', 'Conservación : En buen estado', 'Referencia : 500561-001384', 'Armarios empotrados : 2', 'Tipo suelo : Parquet', 'Carpintería exterior : Madera', 'Calefacción : Eléctrica', 'Chimenea', 'Cocina', 'Comedor', 'Garaje : 1', 'Trastero', 'Balcón', 'Jardín : Comunitario', 'Piscina : Comunitaria', 'Soleado', 'Clasificación:  Exento', 'Pedir más información'],Inmuebles de VINCLE CERDANYA,1673305860.0,{'timestamp': '1699908457641165', 'soft_url': 'apartamento_saillagouse_centro_urbano_38357863849_500561_'}
1.700.000 €,Casa en venta en Calle Sant Marti,Calle Sant Marti. Angoustrine-Villeneuve-des-Escaldes,42.4855,1.95973,['Superficie construida : 650 m²', 'Superficie útil : 600 m²', 'Superficie solar : 900 m²', 'Habitaciones : 7', 'Baños : 5', 'Antigüedad : Más de 50 años', 'Conservación : En buen estado', 'Referencia : 511434-ANF-005-T', 'Armarios empotrados : Más de 2', 'Carpintería exterior : Madera', 'Vidrios dobles', 'Calefacción : Gasoil', 'Chimenea', 'Cocina', 'Comedor', 'Lavadero', 'Terraza', 'Jardín : Propio', 'Orientación : Suroeste', 'Urbanizado', 'Calle alumbrada', 'Calle asfaltada', 'Clasificación:  Exento', 'Pedir más información'],Inmuebles de GRUP IMMONEU,1673132520.0,{'timestamp': '1699908460300023', 'soft_url': 'casa_angoustrine_villeneuve_des_escaldes_centro_urbano_31751365463_511434_'}
1.290.000 €,Casa en venta en Osséja,Osséja,0,0,['Superficie construida : 350 m²', 'Superficie solar : 6.000 m²', 'Habitaciones : 6', 'Baños : 6', 'Referencia : DA15-CER43192', 'Piscina', 'Clasificación:  En trámite', 'Pedir más información'],Inmuebles de LUCAS FOX LA CERDANYA,1673565060.0,{'timestamp': '1699908462824478', 'soft_url': 'casa_osseja_centro_urbano_38412749079_106200_'}
450.000 €,Casa en venta en Callejón Dorres,Callejón Dorres. Angoustrine-Villeneuve-des-Escaldes,0,0,['Superficie construida : 240 m²', 'Superficie útil : 200 m²', 'Superficie solar : 430 m²', 'Habitaciones : 4', 'Baños : 3', 'Antigüedad : Más de 50 años', 'Conservación : Reformado', 'Referencia : 511434-ACF-010-M', 'Armarios empotrados : Más de 2', 'Carpintería exterior : Madera', 'Vidrios dobles', 'Tipo suelo : Parquet', 'Calefacción : Eléctrica', 'Chimenea', 'Cocina', 'Garaje : 2', 'Jardín : Propio', 'Orientación : Sur', 'Calle alumbrada', 'Calle asfaltada', 'Clasificación:  Exento', 'Pedir más información'],Inmuebles de GRUP IMMONEU,1672960200.0,{'timestamp': '169990846524504', 'soft_url': 'casa_angoustrine_villeneuve_des_escaldes_centro_urbano_34262341727_511434_'}
385.000 €,Casa adosada en venta en Callejón Des Pyrinées,Callejón Des Pyrinées. Angoustrine-Villeneuve-des-Escaldes,42.4851,1.96158,['Superficie construida : 145 m²', 'Superficie útil : 138 m²', 'Habitaciones : 3', 'Baños : 3', 'Tipo de casa : Adosada', 'Antigüedad : Entre 10 y 20 años', 'Conservación : En buen estado', 'Referencia : 511434-ANF-009-M', 'Armarios empotrados : Más de 2', 'Carpintería exterior : Madera', 'Vidrios dobles', 'Tipo suelo : Parquet', 'Calefacción : Eléctrica', 'Chimenea', 'Cocina', 'Garaje : 1', 'Jardín : Propio', 'Orientación : Oeste', 'Urbanizado', 'Calle alumbrada', 'Calle asfaltada', 'Clasificación:  Exento', 'Pedir más información'],Inmuebles de GRUP IMMONEU,1672527720.0,{'timestamp': '1699908467723862', 'soft_url': 'casa_adosada_angoustrine_villeneuve_des_escaldes_centro_urbano_24203811603_511434_'}
785.000 €,Casa en venta en Calle Hameau Du Verdignans,Calle Hameau Du Verdignans. Saillagouse,42.4519,2.04312,['Superficie construida : 350 m²', 'Superficie útil : 320 m²', 'Superficie solar : 5.015 m²', 'Habitaciones : 6', 'Baños : 2', 'Conservación : En buen estado', 'Referencia : 511434-VEF-018-M', 'Armarios empotrados : Más de 2', 'Carpintería interior : Fusta i alumini', 'Carpintería exterior : Madera', 'Vidrios dobles', 'Tipo suelo : Gres', 'Calefacción : Gasoil', 'Chimenea', 'Cocina : Oberta', 'Comedor', 'Lavadero', 'Garaje : Más de 2', 'Terraza', 'Jardín : Propio', 'Urbanizado', 'Calle alumbrada', 'Calle asfaltada', 'Clasificación:  Exento', 'Pedir más información'],Inmuebles de GRUP IMMONEU,1643584080.0,{'timestamp': '1699908470280729', 'soft_url': 'casa_saillagouse_centro_urbano_18396827435_511434_'}
279.000 €,Casa adosada en venta en Ur,Ur,42.4634,1.93692,['Superficie construida : 75 m²', 'Superficie solar : 74 m²', 'Habitaciones : 2', 'Baños : 1', 'Tipo de casa : Adosada', 'Antigüedad : Entre 20 y 30 años', 'Conservación : En buen estado', 'Referencia : 500561-001367', 'Carpintería exterior : Madera', 'Tipo suelo : Parquet', 'Calefacción : Eléctrica', 'Chimenea', 'Cocina', 'Comedor', 'Garaje : 1', 'Terraza', 'Jardín : Propio', 'Urbanizado', 'Calle alumbrada', 'Calle asfaltada', 'Clasificación:  Exento', 'Pedir más información'],Inmuebles de VINCLE CERDANYA,1673305860.0,{'timestamp': '1699908472999763', 'soft_url': 'casa_adosada_ur_centro_urbano_37525372682_500561_'}
790.000 €,Casa en venta en Estavar,Estavar,42.4716,2.0006,['Superficie construida : 300 m²', 'Superficie solar : 1.000 m²', 'Habitaciones : 4', 'Baños : 3', 'Antigüedad : Entre 10 y 20 años', 'Conservación : En buen estado', 'Referencia : 500561-001275', 'Armarios empotrados : Más de 2', 'Carpintería exterior : Aluminio', 'Tipo suelo : Parquet', 'Calefacción', 'Chimenea', 'Cocina', 'Comedor', 'Garaje : Más de 2', 'Puerta blindada', 'Terraza', 'Jardín : Propio', 'Orientación : Sur', 'Urbanizado', 'Calle alumbrada', 'Clasificación:  Exento', 'Pedir más información'],Inmuebles de VINCLE CERDANYA,1673305860.0,{'timestamp': '1699908475825113', 'soft_url': 'casa_estavar_centro_urbano_30027562853_500561_'}
280.000 €,Dúplex en venta en Calle Des Bergers,Calle Des Bergers. Saillagouse,42.4582,2.0403,['Superficie construida : 155 m²', 'Superficie útil : 127 m²', 'Habitaciones : 4', 'Baños : 2', 'Planta : Bajo', 'Antigüedad : Entre 10 y 20 años', 'Conservación : Reformado', 'Referencia : 511434-SRB-005-X', 'Armarios empotrados : Más de 2', 'Vidrios dobles', 'Carpintería exterior : Madera', 'Calefacción : Eléctrica', 'Chimenea', 'Garaje : 1', 'Balcón', 'Orientación : Suroeste', 'Clasificación:  Exento', 'Pedir más información'],Inmuebles de GRUP IMMONEU,1641251460.0,{'timestamp': '1699908478435042', 'soft_url': 'duplex_saillagouse_centro_urbano_29246155927_511434_'}
395.000 €,Casa adosada en venta en Angoustrina,Angoustrine-Villeneuve-des-Escaldes,42.482,1.95632,['Superficie construida : 125 m²', 'Superficie solar : 117 m²', 'Habitaciones : 4', 'Baños : 2', 'Tipo de casa : Adosada', 'Antigüedad : Entre 10 y 20 años', 'Conservación : En buen estado', 'Referencia : 500561-001279', 'Armarios empotrados : Más de 2', 'Carpintería exterior : Madera', 'Tipo suelo : Parquet', 'Calefacción : Eléctrica', 'Chimenea', 'Cocina', 'Comedor', 'Garaje : Más de 2', 'Terraza', 'Jardín : Propio', 'Piscina : Comunitaria', 'Orientación : Sur', 'Urbanizado', 'Calle alumbrada', 'Calle asfaltada', 'Clasificación:  Exento', 'Pedir más información'],Inmuebles de VINCLE CERDANYA,1673305860.0,{'timestamp': '169990848100631', 'soft_url': 'casa_adosada_angoustrine_villeneuve_des_escaldes_centro_urbano_30013064673_500561_'}
385.000 €,Apartamento en venta en Calle Rue Du Puigmal,Calle Rue Du Puigmal. Sainte-Léocadie,42.4405,1.99335,['Superficie construida : 70 m²', 'Superficie útil : 70 m²', 'Habitaciones : 3', 'Baños : 2', 'Planta : Bajo', 'Exterior', 'Antigüedad : Entre 20 y 30 años', 'Conservación : Reformado', 'Gastos de comunidad : 292 €./mes. incluye el consumo de agua e impuestos', 'Referencia : 501175-001961', 'Armarios empotrados : Más de 2', 'Carpintería interior : Madera maciza', 'Tipo suelo : Tarima maciza', 'Vidrios dobles', 'Carpintería exterior : Madera', 'Calefacción : Eléctrica', 'Chimenea', 'Cocina : Equipada. vitroc. 4,82 m².', 'Comedor : Con chimenea y s/terraza, de 24,14 m².', 'Lavadero : 4 m².', 'Garaje : 1', 'Adaptado a personas con movilidad reducida', 'Terraza : Porche 6,27 m².', 'Piscina : Comunitaria', 'Orientación : Sur', 'Soleado', 'Se aceptan mascotas', 'Clasificación:  En trámite', 'Pedir más información'],Inmuebles de PARTICULAR Immobiliària Financera,1673478660.0,{'timestamp': '1699908483915236', 'soft_url': 'apartamento_sainte_leocadie_centro_urbano_38398835014_501175_'}
495.000 €,Casa en venta en Estavar,Estavar,42.4718,1.99555,['Superficie construida : 220 m²', 'Superficie solar : 300 m²', 'Habitaciones : 3', 'Baños : 2', 'Antigüedad : Entre 30 y 50 años', 'Conservación : En buen estado', 'Referencia : 500561-001390', 'Armarios empotrados : Más de 2', 'Carpintería exterior : Madera', 'Tipo suelo : Gres', 'Calefacción : Eléctrica', 'Chimenea', 'Cocina', 'Comedor', 'Lavadero', 'Garaje : Más de 2', 'Terraza', 'Jardín : Propio', 'Urbanizado', 'Calle alumbrada', 'Calle asfaltada', 'Clasificación:  Exento', 'Pedir más información'],Inmuebles de VINCLE CERDANYA,1673305860.0,{'timestamp': '1699908486808057', 'soft_url': 'casa_estavar_centro_urbano_38335609446_500561_'}
275.000 €,Casa rústica en venta en Calle Gorre Blanc,Calle Gorre Blanc. Valcebollère,42.3882,2.03484,['Superficie construida : 240 m²', 'Superficie útil : 190 m²', 'Habitaciones : 3', 'Baños : 2', 'Tipo de casa : Rústica', 'Antigüedad : Más de 50 años', 'Conservación : Reformado', 'Referencia : 511434-VAL-014-M', 'Carpintería exterior : Madera', 'Vidrios dobles', 'Tipo suelo : Parquet', 'Calefacción : Eléctrica', 'Chimenea', 'Cocina', 'Garaje : 1', 'Terraza', 'Orientación : A la montaña', 'Urbanizado', 'Calle alumbrada', 'Calle asfaltada', 'Clasificación:  Exento', 'Pedir más información'],Inmuebles de GRUP IMMONEU,1674255780.0,{'timestamp': '1699908489677578', 'soft_url': 'casa_rustica_valcebollere_centro_urbano_26765759118_511434_'}
580.000 €,Casa unifamiliar en venta en Mont-Louis,Mont-Louis,42.5088,2.12254,['Superficie construida : 295 m²', 'Superficie útil : 230 m²', 'Superficie solar : 3.000 m²', 'Habitaciones : 6', 'Baños : 3', 'Tipo de casa : Unifamiliar', 'Antigüedad : Entre 20 y 30 años', 'Conservación : En buen estado', 'Referencia : 511434-FML-002-X', 'Armarios empotrados : Más de 2', 'Carpintería exterior : Aluminio', 'Vidrios dobles', 'Tipo suelo : Parquet', 'Calefacción : Central', 'Chimenea', 'Cocina : Con salida jardin', 'Garaje : Más de 2', 'Jardín : Propio', 'Orientación : Sur', 'Clasificación:  Exento', 'Pedir más información'],Inmuebles de GRUP IMMONEU,1673218980.0,{'timestamp': '1699908492130829', 'soft_url': 'casa_unifamiliar_mont_louis_centro_urbano_28428424031_511434_'}
320.000 €,Casa adosada en venta en Calle Canigo, nº 5,Calle Canigo, nº 5. Ur,42.4338622055752,1.94411597158579,['Superficie construida : 120 m²', 'Superficie útil : 120 m²', 'Superficie solar : 300 m²', 'Habitaciones : 3', 'Baños : 2', 'Tipo de casa : Adosada', 'Antigüedad : Menos de 5 años', 'Conservación : A estrenar', 'Referencia : 4517227-000359', 'Carpintería exterior : Madera', 'Vidrios dobles', 'Tipo suelo : Parquet', 'Aire acondicionado : Frío y calor', 'Calefacción : Eléctrica', 'Chimenea', 'Cocina equipada', 'Comedor', 'Garaje : 2', 'Jardín : Propio', 'Orientación : Sur', 'Clasificación:  Exento', 'Pedir más información'],Inmuebles de FINQUES BELLVER,1673046660.0,{'timestamp': '1699908494967801', 'soft_url': 'casa_adosada_ur_centro_urbano_31729322436_517227_'}
890.000 €,Casa unifamiliar en venta en Avenida Des Jardins,Avenida Des Jardins. Saillagouse,42.461,2.0375,['Superficie construida : 300 m²', 'Superficie útil : 297 m²', 'Superficie solar : 1.800 m²', 'Habitaciones : 5', 'Baños : 3', 'Tipo de casa : Unifamiliar', 'Antigüedad : Entre 5 y 10 años', 'Conservación : A estrenar', 'Referencia : 4517227-18508787', 'Amueblado', 'Armarios empotrados : Más de 2', 'Carpintería exterior : Aluminio', 'Vidrios dobles', 'Luz', 'Calefacción : Eléctrica', 'Chimenea', 'Cocina equipada', 'Garaje : 2', 'Terraza', 'Jardín : Propio', 'Piscina : Propia', 'Clasificación:  Exento', 'Pedir más información'],Inmuebles de FINQUES BELLVER,1673478660.0,{'timestamp': '1699908498217679', 'soft_url': 'casa_unifamiliar_saillagouse_centro_urbano_945856909932100_109700_'}
2.120.000 €,Casa en venta en Alle Des Boullousses,Sainte-Léocadie,42.4361,2.00178,['Superficie construida : 628 m²', 'Superficie útil : 462 m²', 'Superficie solar : 2.700 m²', 'Habitaciones : 10', 'Baños : 1', 'Referencia : SA2017-01556/7445', 'Garaje : 1', 'Orientación : Este', 'Clasificación:  Disponible', 'Emisiones:   A B C D E F G', 'Pedir más información'],Inmuebles de SOLESPAI Inmobiliaria,1673305860.0,{'timestamp': '1699908500650927', 'soft_url': 'casa_sainte_leocadie_centro_urbano_32577649325_100500_'}
450.000 €,Casa unifamiliar en venta en Avenida Rue Du Bosquet,Avenida Rue Du Bosquet. Saillagouse,42.455,2.03858,['Superficie construida : 200 m²', 'Superficie útil : 198 m²', 'Habitaciones : 5', 'Baños : 2', 'Tipo de casa : Unifamiliar', 'Antigüedad : Entre 10 y 20 años', 'Conservación : En buen estado', 'Referencia : 4517227-18508598', 'Armarios empotrados : 2', 'Carpintería exterior : Aluminio', 'Vidrios dobles', 'Agua', 'Luz', 'Calefacción : Central', 'Chimenea', 'Cocina equipada', 'Comedor', 'Garaje : 2', 'Jardín : Propio', 'Orientación : Este', 'Calle asfaltada', 'Clasificación:  Exento', 'Pedir más información'],Inmuebles de FINQUES BELLVER,1673133060.0,{'timestamp': '1699908503151454', 'soft_url': 'casa_unifamiliar_saillagouse_centro_urbano_945856909932071_109700_'}
89.000 €,Casa en venta en Calle Puymorens, nº 1,Calle Puymorens, nº 1. Porta,42.5262100974484,1.82485563446608,['Superficie construida : 240 m²', 'Superficie útil : 240 m²', 'Superficie solar : 400 m²', 'Habitaciones : 3', 'Baños : 2', 'Antigüedad : Más de 50 años', 'Conservación : A reformar', 'Referencia : 4517227-V-PORTA-1', 'Calle alumbrada', 'Clasificación:  Exento', 'Pedir más información'],Inmuebles de FINQUES BELLVER,1672528260.0,{'timestamp': '1699908505904365', 'soft_url': 'casa_porta_centro_urbano_21697252030_517227_'}
350.000 €,Casa en venta en Calle Canigou,Calle Canigou. Palau-de-Cerdagne,42.4172439091639,1.9834352315717,['Superficie construida : 130 m²', 'Superficie útil : 124 m²', 'Superficie solar : 352 m²', 'Habitaciones : 3', 'Baños : 1', 'Conservación : En buen estado', 'Referencia : 4517227-400', 'Armarios empotrados : Más de 2', 'Carpintería exterior : Madera', 'Tipo suelo : Gres', 'Calefacción : Eléctrica', 'Chimenea : Pellets', 'Cocina equipada : Abierta', 'Comedor : Amplio', 'Garaje : 1', 'Jardín : Propio', 'Clasificación:  Exento', 'Pedir más información'],Inmuebles de FINQUES BELLVER,1672701060.0,{'timestamp': '1699908508365585', 'soft_url': 'casa_palau_de_cerdagne_centro_urbano_38365213798_517227_'}
350.000 €,Casa en venta en Calle  Avenue Lou Pla,Calle  Avenue Lou Pla. Palau-de-Cerdagne,42.4175367809883,1.96441789700689,['Superficie construida : 200 m²', 'Superficie útil : 180 m²', 'Superficie solar : 500 m²', 'Habitaciones : 5', 'Baños : 1', 'Conservación : A reformar', 'Referencia : 4517227-000262', 'Clasificación:  Exento', 'Pedir más información'],Inmuebles de FINQUES BELLVER,1672614660.0,{'timestamp': '1699908510630904', 'soft_url': 'casa_palau_de_cerdagne_centro_urbano_21698445810_517227_'}
950.000 €,Casa rústica en venta en Calle Etiene, nº 5,Calle Etiene, nº 5. Latour-de-Carol,0,0,['Superficie construida : 1.100 m²', 'Superficie útil : 1.100 m²', 'Superficie solar : 3.500 m²', 'Habitaciones : 12', 'Baños : 6', 'Tipo de casa : Rústica', 'Antigüedad : Más de 50 años', 'Conservación : A reformar', 'Referencia : 4517227-V-LTOUR 1', 'Jardín : Comunitario', 'Orientación : Suroeste', 'Calle alumbrada', 'Calle asfaltada', 'Clasificación:  Exento', 'Pedir más información'],Inmuebles de FINQUES BELLVER,1673392260.0,{'timestamp': '1699908513260886', 'soft_url': 'casa_rustica_latour_de_carol_centro_urbano_19174061669_517227_'}
198.000 €,Piso en venta en Calle Rue de Progress,Calle Rue de Progress. Osséja,42.4152,1.98178,['Superficie construida : 100 m²', 'Superficie útil : 80 m²', 'Habitaciones : 3', 'Baños : 1', 'Planta : 2ª', 'Interior : Trastero', 'Exterior : Buhardilla con vistas  y terraza', 'Conservación : En buen estado', 'Referencia : 4517227-000397', 'Amueblado', 'Armarios empotrados : 2', 'Carpintería interior : Madera', 'Tipo suelo : Parquet', 'Carpintería exterior : Madera', 'Calefacción : Eléctrica', 'Cocina equipada : Equipada', 'Comedor : Salon comedor / cocina', 'Terraza', 'Clasificación:  En trámite', 'Pedir más información'],Inmuebles de FINQUES BELLVER,1672701060.0,{'timestamp': '169990851623286', 'soft_url': 'piso_osseja_centro_urbano_37565367282_517227_'}
160.000 €,Piso en venta en Rue Des Narcisses,  1,Rue Des Narcisses,  1. Font-Romeu-Odeillo-Via,42.4893366846163,2.03634247894647,['Superficie construida : 60 m²', 'Superficie útil : 55 m²', 'Habitaciones : 2', 'Baños : 1', 'Planta : 1ª', 'Exterior', 'Antigüedad : Entre 10 y 20 años', 'Conservación : En buen estado', 'Referencia : 20393421', 'Amueblado', 'Armarios empotrados : 2', 'Tipo suelo : Parquet', 'Vidrios dobles', 'Carpintería exterior : Madera', 'Calefacción : Eléctrica', 'Cocina equipada', 'Trastero', 'Ascensor', 'Balcón', 'Jardín : Comunitario', 'Orientación : Sur', 'Soleado', 'Clasificación:  Disponible', 'Emisiones:  9,34 Kg CO2/m2 año  A B C D E F G'],carina,1674601740.0,{'timestamp': '1699908518984266', 'soft_url': 'piso_font_romeu_odeillo_via_centro_urbano_37502315526_109800_'}
